fit_type,fit_order,c_2_A_p0,c_2_A_p1,c_2_A_p2,c_3_A_p0,c_3_A_p1,c_3_A_p2,c_2_phi_p0,c_2_phi_p1,c_2_phi_p2,c_3_phi_p0,c_3_phi_p1,c_3_phi_p2,c_4_phi_p0,c_4_phi_p1,c_4_phi_p2
ecc_emrg,1,0.10041111926387421,0.015800704904055954,0.08561509073193184,-1.6324183482951697,-0.46380725960048913,-1.4529645789377128,-0.6622608173801752,0.14846198093582594,0.8761222631853298,1.6397379246751747,0.5215547547408109,1.4744789295686298,1.3806764916989878,0.5000883876039375,1.2471758276873217
