fit_type,fit_order,c_2_A_p0,c_2_A_p1,c_2_A_p2,c_2_A_p3,c_2_A_p4,c_2_A_p5,c_2_A_p6,c_2_A_p7,c_2_A_p8,c_2_A_p9,c_3_A_p0,c_3_A_p1,c_3_A_p2,c_3_A_p3,c_3_A_p4,c_3_A_p5,c_3_A_p6,c_3_A_p7,c_3_A_p8,c_3_A_p9,c_2_phi_p0,c_2_phi_p1,c_2_phi_p2,c_2_phi_p3,c_2_phi_p4,c_2_phi_p5,c_2_phi_p6,c_2_phi_p7,c_2_phi_p8,c_2_phi_p9,c_3_phi_p0,c_3_phi_p1,c_3_phi_p2,c_3_phi_p3,c_3_phi_p4,c_3_phi_p5,c_3_phi_p6,c_3_phi_p7,c_3_phi_p8,c_3_phi_p9,c_4_phi_p0,c_4_phi_p1,c_4_phi_p2,c_4_phi_p3,c_4_phi_p4,c_4_phi_p5,c_4_phi_p6,c_4_phi_p7,c_4_phi_p8,c_4_phi_p9
ecc_bmrg,3,-4.136124319398198,1.6971898448852483,-4.523783732804957,-0.2884237557902004,12.436488243523883,-3.2738039003230828,2.078001445719118,-3.4066222004559594,-1.6892941815962104,1.3840001035649134,0.023466895515985756,0.06905177408277482,0.047374629347776746,0.041028377561356175,0.06773531650233697,-0.033534295555735,0.04806217003135077,-0.12693802887742234,-0.0760113269468922,-0.004449304809498611,56.21704904443951,15.40047070521618,-56.7910045404877,-1.3171981767611742,19.07794205601267,-9.723378555674719,0.2578495283086936,-2.1261420923630534,0.3601332687259645,1.5280992165341225,0.1356631893823991,0.09619160940095617,0.18807700551069476,-0.022545370194520544,0.31910438037937633,0.0016869592090068162,-0.030541209370579213,-0.03428147435391736,-0.0829151654217235,0.1362679744340193,0.06296999717975277,0.08220663586985473,0.06372423392495397,0.10748954045163822,0.20698679637616385,0.029033282795131492,0.1203619529764002,0.014891372217578936,0.07141301313239724,-0.03615650742489197
