fit_type,fit_order,c_2_A_p0,c_2_A_p1,c_2_A_p2,c_2_A_p3,c_2_A_p4,c_2_A_p5,c_2_A_p6,c_2_A_p7,c_2_A_p8,c_2_A_p9,c_3_A_p0,c_3_A_p1,c_3_A_p2,c_3_A_p3,c_3_A_p4,c_3_A_p5,c_3_A_p6,c_3_A_p7,c_3_A_p8,c_3_A_p9,c_2_phi_p0,c_2_phi_p1,c_2_phi_p2,c_2_phi_p3,c_2_phi_p4,c_2_phi_p5,c_2_phi_p6,c_2_phi_p7,c_2_phi_p8,c_2_phi_p9,c_3_phi_p0,c_3_phi_p1,c_3_phi_p2,c_3_phi_p3,c_3_phi_p4,c_3_phi_p5,c_3_phi_p6,c_3_phi_p7,c_3_phi_p8,c_3_phi_p9,c_4_phi_p0,c_4_phi_p1,c_4_phi_p2,c_4_phi_p3,c_4_phi_p4,c_4_phi_p5,c_4_phi_p6,c_4_phi_p7,c_4_phi_p8,c_4_phi_p9
bmrg_emrg,3,-0.8803485530033351,-3.1023061685465234,-1.293342924673928,12.36289301784962,0.41522107977675127,-8.385694349215205,-4.39492244431436,0.16947306944127963,7.088051367326324,-5.554359671709861,-0.04220959556889525,-0.010304154617670383,-0.02885154748637087,0.06425215456610812,-0.0466894617634099,-0.047072548225657915,-0.11654600767246964,-0.055790700951520326,0.0334764155688468,-0.055262903626812916,42.12396800463075,-56.24368523733593,51.53947101361275,25.93502834479547,39.40217607282478,-54.32252113302252,-4.389668235408682,22.290631269272257,17.286640152378347,-31.31215747180207,-0.01393939406839559,0.011519756212045752,-0.004563272514212103,0.26272857827810137,0.022198836246754432,-0.006537808237425505,-0.06986796386081195,0.00557033759613221,0.30754423651563373,0.013549938879442957,0.004798494771739024,-0.05094227564695949,0.0531612981536624,0.12879872258923208,-0.06472767667957481,-0.026200428278908235,0.05462863986199308,-0.049671499326455745,0.022034000267745945,-0.02749812504836827
