fit_type,fit_order,c_2_A_p0,c_2_A_p1,c_2_A_p2,c_3_A_p0,c_3_A_p1,c_3_A_p2,c_2_phi_p0,c_2_phi_p1,c_2_phi_p2,c_3_phi_p0,c_3_phi_p1,c_3_phi_p2,c_4_phi_p0,c_4_phi_p1,c_4_phi_p2
emrg_jmrg,1,-0.21971986848935876,0.953062312352507,-0.1572704736898593,-6.889163072564916,11.802412407661253,-2.3218912853804223,0.23368400391438152,0.029716735960744235,-0.03697205056451115,30.44528653415263,-26.071626279347125,-1.4055810863675866,27.66649063682839,-26.72819417900649,-0.2904427359745334
