fit_type,fit_order,c_2_A_p0,c_2_A_p1,c_2_A_p2,c_3_A_p0,c_3_A_p1,c_3_A_p2,c_2_phi_p0,c_2_phi_p1,c_2_phi_p2,c_3_phi_p0,c_3_phi_p1,c_3_phi_p2,c_4_phi_p0,c_4_phi_p1,c_4_phi_p2
bmrg_emrg,1,0.673337066287539,-0.3063820404034206,0.5170450832525773,-0.2661201142746617,-0.829148343737476,-0.23680891964841952,0.7392913125479106,-0.18784212553692936,2.1601545520459316e-11,0.27802574503757893,0.8520416544332057,0.2494748714160113,0.2388079739404059,0.7313686082864063,0.21597025336054887
