fit_type,fit_order,c_2_A_p0,c_2_A_p1,c_2_A_p2,c_2_A_p3,c_2_A_p4,c_2_A_p5,c_3_A_p0,c_3_A_p1,c_3_A_p2,c_3_A_p3,c_3_A_p4,c_3_A_p5,c_2_phi_p0,c_2_phi_p1,c_2_phi_p2,c_2_phi_p3,c_2_phi_p4,c_2_phi_p5,c_3_phi_p0,c_3_phi_p1,c_3_phi_p2,c_3_phi_p3,c_3_phi_p4,c_3_phi_p5,c_4_phi_p0,c_4_phi_p1,c_4_phi_p2,c_4_phi_p3,c_4_phi_p4,c_4_phi_p5
nu_jmrg,2,-1.3219087608263425,5.601661972801873,0.7754718613522649,-4.59266589119259,-0.10021246341059199,-1.42831662625125,-15.773682016736869,99.99999999999999,0.7455994579466731,99.99999999999999,1.7330809803418412,-48.696210939631705,-0.7702466610415383,5.046107314821587,0.3413028829427414,-8.009011280034931,-0.04582412609711296,-0.6184203306840161,-50.823059977054186,64.6415978018496,36.75395846320106,-100.0,-6.964751958755995,-5.822073124631436,-43.586787518520474,99.42858794943741,26.187996843744152,99.99324327302968,-3.4276639510304827,-44.181841419783346
