fit_type,fit_order,c_2_A_p0,c_2_A_p1,c_2_A_p2,c_2_A_p3,c_3_A_p0,c_3_A_p1,c_3_A_p2,c_3_A_p3,c_2_phi_p0,c_2_phi_p1,c_2_phi_p2,c_2_phi_p3,c_3_phi_p0,c_3_phi_p1,c_3_phi_p2,c_3_phi_p3,c_4_phi_p0,c_4_phi_p1,c_4_phi_p2,c_4_phi_p3
nu_ecc_jmrg,1,0.5961405256692398,0.20465237532116826,0.16456300593412415,-0.1762798625390727,-0.32894117088849434,-0.07857092166103896,-0.0934127414328609,-0.942897645147753,0.5655907353521751,-1.2621441636548718e-08,-5.093451179281497e-11,-0.1442420493698903,0.33954380321657407,0.08102074780656131,0.10885577534896153,0.9634876790255301,0.29095627473887753,0.0697226841000455,0.10615290552507956,0.8220482081056184
