fit_type,fit_order,c_2_A_p0,c_2_A_p1,c_2_A_p2,c_2_A_p3,c_2_A_p4,c_2_A_p5,c_2_A_p6,c_2_A_p7,c_2_A_p8,c_2_A_p9,c_3_A_p0,c_3_A_p1,c_3_A_p2,c_3_A_p3,c_3_A_p4,c_3_A_p5,c_3_A_p6,c_3_A_p7,c_3_A_p8,c_3_A_p9,c_2_phi_p0,c_2_phi_p1,c_2_phi_p2,c_2_phi_p3,c_2_phi_p4,c_2_phi_p5,c_2_phi_p6,c_2_phi_p7,c_2_phi_p8,c_2_phi_p9,c_3_phi_p0,c_3_phi_p1,c_3_phi_p2,c_3_phi_p3,c_3_phi_p4,c_3_phi_p5,c_3_phi_p6,c_3_phi_p7,c_3_phi_p8,c_3_phi_p9,c_4_phi_p0,c_4_phi_p1,c_4_phi_p2,c_4_phi_p3,c_4_phi_p4,c_4_phi_p5,c_4_phi_p6,c_4_phi_p7,c_4_phi_p8,c_4_phi_p9
nu_ecc_emrg,2,-34.59441112655651,18.198538298188588,-12.196696216618845,80.704198462286,-13.708911099827501,0.11046120801464177,-47.20027580792339,2.0987443824839405,-15.366646846975629,13.174789067643063,63.33614567362642,31.63424262319487,-95.76009796990759,-99.99999999999999,99.99999999999999,0.8392757769497752,38.09343464505828,42.15417766104943,-99.99999999999999,96.47670099958013,4.60831584294568,3.871974719761088,-0.8169022784434302,-9.922374348314118,-7.538408962279393,-0.02024169416457692,5.166474667175443,0.16723089848602346,-1.0027493306568802,0.8930222809363233,55.83333179298617,93.938621727783,-18.964285386304724,-98.34368856875955,-92.4241587931182,-1.0411521090564884,40.57273424592045,20.088832358985456,-68.522189356052,17.212656403122164,16.220600279706822,34.48720670479723,56.38785009871502,-39.02716271649906,76.3937606064023,-4.272623740874035,22.24913691517404,-30.82998317320404,-45.234452079579086,-48.80148582433996
