fit_type,fit_order,c_2_A_p0,c_2_A_p1,c_2_A_p2,c_2_A_p3,c_2_A_p4,c_2_A_p5,c_3_A_p0,c_3_A_p1,c_3_A_p2,c_3_A_p3,c_3_A_p4,c_3_A_p5,c_2_phi_p0,c_2_phi_p1,c_2_phi_p2,c_2_phi_p3,c_2_phi_p4,c_2_phi_p5,c_3_phi_p0,c_3_phi_p1,c_3_phi_p2,c_3_phi_p3,c_3_phi_p4,c_3_phi_p5,c_4_phi_p0,c_4_phi_p1,c_4_phi_p2,c_4_phi_p3,c_4_phi_p4,c_4_phi_p5
bmrg_jmrg,2,-1.9977409559412724,-0.0030309483678279104,1.7080027613502398,-1.597989478874231,-2.0615671857408877,3.3312133534953614,-42.286815916069976,55.72259766575654,-29.220551234774497,-12.46042575732458,3.684239986830687,4.513861966940827,0.1691162054520509,-1.4521284376601455,1.549026902102333,1.1163166170815364,0.732827415900691,-1.880169278706658,-24.652685039517674,-15.504781306011157,37.00809323884612,6.660389138788952,-3.62872458231721,-7.267833631473444,-15.834932918966272,-17.471360992169878,31.608879809804897,6.924549433468456,-2.7056792911582104,-7.005006526851026
