fit_type,fit_order,c_2_A_p0,c_2_A_p1,c_2_A_p2,c_2_A_p3,c_2_A_p4,c_2_A_p5,c_2_A_p6,c_2_A_p7,c_2_A_p8,c_2_A_p9,c_3_A_p0,c_3_A_p1,c_3_A_p2,c_3_A_p3,c_3_A_p4,c_3_A_p5,c_3_A_p6,c_3_A_p7,c_3_A_p8,c_3_A_p9,c_2_phi_p0,c_2_phi_p1,c_2_phi_p2,c_2_phi_p3,c_2_phi_p4,c_2_phi_p5,c_2_phi_p6,c_2_phi_p7,c_2_phi_p8,c_2_phi_p9,c_3_phi_p0,c_3_phi_p1,c_3_phi_p2,c_3_phi_p3,c_3_phi_p4,c_3_phi_p5,c_3_phi_p6,c_3_phi_p7,c_3_phi_p8,c_3_phi_p9,c_4_phi_p0,c_4_phi_p1,c_4_phi_p2,c_4_phi_p3,c_4_phi_p4,c_4_phi_p5,c_4_phi_p6,c_4_phi_p7,c_4_phi_p8,c_4_phi_p9
nu_bmrg_jmrg,2,0.6736708649215685,-0.3140724845582211,2.6179313590631805,2.3167972826317342,0.9299609509808496,-1.4393132644852549,-1.3277049849238602,0.8897780548387785,2.3217576627787557,0.8073166756500728,-0.01349793966532402,0.003908277105668307,-0.0279875021902992,-0.027151333285542298,0.007893001093977189,-0.12345411293744749,-0.0954015595180252,0.0036258243383736157,0.0032611348957321917,-0.10322598554236022,-0.25465610650176224,-2.337695145165614,0.6163895820776194,-0.0006542306872224235,-1.125755205457201,-0.1546011152752966,0.00046932888431685523,0.8306151612980816,0.0010845112049521991,-0.0007280425859068653,0.014139932297923137,0.008040036770677324,0.05091985560638521,0.04817310545792254,0.005033833101186325,0.08974971628897697,0.10602864613990783,0.012047179484081636,0.004540294648812071,0.12466973501152256,0.00882838122962351,0.011920480956288726,0.03657103920723226,0.03195666007053505,0.0043931912820785405,0.0982583695077596,0.0989963391924873,0.01859699496339088,0.017561448225817587,0.08033674112121593
