fit_type,fit_order,c_2_A_p0,c_2_A_p1,c_2_A_p2,c_2_A_p3,c_2_A_p4,c_2_A_p5,c_3_A_p0,c_3_A_p1,c_3_A_p2,c_3_A_p3,c_3_A_p4,c_3_A_p5,c_2_phi_p0,c_2_phi_p1,c_2_phi_p2,c_2_phi_p3,c_2_phi_p4,c_2_phi_p5,c_3_phi_p0,c_3_phi_p1,c_3_phi_p2,c_3_phi_p3,c_3_phi_p4,c_3_phi_p5,c_4_phi_p0,c_4_phi_p1,c_4_phi_p2,c_4_phi_p3,c_4_phi_p4,c_4_phi_p5
nu_bmrg,2,-1.3394807744272665,2.9397187513670606,0.9558599522426533,-2.8703528861242673,-0.1514653901192295,-0.7072861699058013,-10.941048128279338,-52.44788776350514,11.023274723620599,99.99999999999999,-2.260379742696072,3.11785895562886,-1.1788137875605569,4.864978022766448,0.6146372016493622,-7.260438552805269,-0.08898318798315204,-0.6207535782556537,-13.155820347409758,38.04849572618167,6.015349625749179,-99.99999999964513,-1.1076848509865125,6.459558732359793,64.73501413355373,-100.0,-41.33747761422023,99.99429228686057,6.473213095565889,29.54576762177589
