fit_type,fit_order,c_2_A_p0,c_2_A_p1,c_2_A_p2,c_2_A_p3,c_2_A_p4,c_2_A_p5,c_2_A_p6,c_2_A_p7,c_2_A_p8,c_2_A_p9,c_3_A_p0,c_3_A_p1,c_3_A_p2,c_3_A_p3,c_3_A_p4,c_3_A_p5,c_3_A_p6,c_3_A_p7,c_3_A_p8,c_3_A_p9,c_2_phi_p0,c_2_phi_p1,c_2_phi_p2,c_2_phi_p3,c_2_phi_p4,c_2_phi_p5,c_2_phi_p6,c_2_phi_p7,c_2_phi_p8,c_2_phi_p9,c_3_phi_p0,c_3_phi_p1,c_3_phi_p2,c_3_phi_p3,c_3_phi_p4,c_3_phi_p5,c_3_phi_p6,c_3_phi_p7,c_3_phi_p8,c_3_phi_p9,c_4_phi_p0,c_4_phi_p1,c_4_phi_p2,c_4_phi_p3,c_4_phi_p4,c_4_phi_p5,c_4_phi_p6,c_4_phi_p7,c_4_phi_p8,c_4_phi_p9
nu_bmrg_emrg,2,1.165017165344145,-0.02764459902074603,4.825170495046788,1.5783292101390847,-0.1863834934674545,-3.123342019890778,1.1267148527198265,1.9841580845321913,0.2510124887086723,3.7705509370436574,-0.02513028753024787,-0.0011431598016367443,-0.06382776772369309,-0.020977380382282654,0.0007766504521687645,-0.2703272446769011,-0.020327739454195477,-0.001984488221812782,-0.0014054561067651848,-0.06317846063935628,0.3109764562115829,-3.8248957330565396,0.27290631213984845,0.4078077751898455,-1.2057832698966258,-0.1432183005343571,0.12901080412575383,1.9431145951872653,-2.597236297589195,0.003351310821771297,0.01217901329288268,0.02106523041039276,0.09234758333548286,0.0244208357008538,0.005348639466378569,0.26431482546023355,0.014756394949714896,0.03736584235045495,0.019708779893269062,0.08707833535915716,0.01703638655301434,0.013912752177260746,0.08795935840339172,0.012994357829931065,0.0016112494590955423,0.2242180482728954,0.019795175710949058,0.02335995152641277,0.011691809579724795,0.07715846608708496
