fit_type,fit_order,c_2_A_p0,c_2_A_p1,c_2_A_p2,c_3_A_p0,c_3_A_p1,c_3_A_p2,c_2_phi_p0,c_2_phi_p1,c_2_phi_p2,c_3_phi_p0,c_3_phi_p1,c_3_phi_p2,c_4_phi_p0,c_4_phi_p1,c_4_phi_p2
nu_bmrg,1,0.3994722330787935,0.1316721306281145,-0.08121354721084256,-0.2820820589019395,-0.0673546521977155,-0.8865616015223066,-0.24354468422175654,-0.24354468422175654,-0.24354468422175654,0.29892808822460026,0.07119010636025835,0.9124875165067408,0.2555180944034737,0.06156739139860048,0.7844727759246468
