fit_type,fit_order,c_2_A_p0,c_2_A_p1,c_2_A_p2,c_2_A_p3,c_2_A_p4,c_2_A_p5,c_2_A_p6,c_2_A_p7,c_2_A_p8,c_2_A_p9,c_3_A_p0,c_3_A_p1,c_3_A_p2,c_3_A_p3,c_3_A_p4,c_3_A_p5,c_3_A_p6,c_3_A_p7,c_3_A_p8,c_3_A_p9,c_2_phi_p0,c_2_phi_p1,c_2_phi_p2,c_2_phi_p3,c_2_phi_p4,c_2_phi_p5,c_2_phi_p6,c_2_phi_p7,c_2_phi_p8,c_2_phi_p9,c_3_phi_p0,c_3_phi_p1,c_3_phi_p2,c_3_phi_p3,c_3_phi_p4,c_3_phi_p5,c_3_phi_p6,c_3_phi_p7,c_3_phi_p8,c_3_phi_p9,c_4_phi_p0,c_4_phi_p1,c_4_phi_p2,c_4_phi_p3,c_4_phi_p4,c_4_phi_p5,c_4_phi_p6,c_4_phi_p7,c_4_phi_p8,c_4_phi_p9
nu_jmrg,3,-1.7827759169292974,-1.784228831269082,-0.5195008951347122,-1.7418784561799323,8.166948595542568,-1.3829632929385551,-1.5900706816838202,-2.7286353491329485,-0.7956642871667378,0.8027404494555519,-0.00270032137022217,0.03901028426735891,0.010049267149716583,0.03490033096995444,-0.01661342322398588,0.02246711257458928,0.02151125135306789,-0.13021148344179123,0.03828684612046459,0.014385885136816665,45.76880969511722,17.002457814373635,-49.91278063098289,0.9181550230313709,18.38127822195078,-15.028680890847456,-3.8770718241586124,-2.2609480543118936,0.4702036163586463,2.9755701908109753,0.0469855731089806,-0.008360866136988008,0.06068722285522324,-0.004213615615145734,0.14769122174761484,0.018271017898849516,-0.006233618977476052,0.06979685197698424,-0.025056336804783842,0.05282400246496438,0.07575416294543083,0.010406432974800019,0.08388489779533595,0.001185410864757815,0.11103418826421849,0.0011148628840149854,-0.0019773245103105216,0.06515623326253576,-0.005839859847493943,-0.023827098667846536
