fit_type,fit_order,c_2_A_p0,c_2_A_p1,c_2_A_p2,c_2_A_p3,c_3_A_p0,c_3_A_p1,c_3_A_p2,c_3_A_p3,c_2_phi_p0,c_2_phi_p1,c_2_phi_p2,c_2_phi_p3,c_3_phi_p0,c_3_phi_p1,c_3_phi_p2,c_3_phi_p3,c_4_phi_p0,c_4_phi_p1,c_4_phi_p2,c_4_phi_p3
nu_ecc_emrg,1,0.09488300892681445,0.04580447364224625,0.06975750764011687,0.06739803967218415,-1.5838759326392058,-0.37930135601187637,-0.4498935449097697,-1.409823673773547,-0.35148222021751424,0.9380354085301229,2.5819085826570045e-05,0.316773877612074,1.5927452841597562,0.37843759791773657,0.5065069859937668,1.4321140075091179,1.3414966812672324,0.3201652369970869,0.48562611351742874,1.2118486263441426
