fit_type,fit_order,c_2_A_p0,c_2_A_p1,c_2_A_p2,c_2_A_p3,c_2_A_p4,c_2_A_p5,c_2_A_p6,c_2_A_p7,c_2_A_p8,c_2_A_p9,c_3_A_p0,c_3_A_p1,c_3_A_p2,c_3_A_p3,c_3_A_p4,c_3_A_p5,c_3_A_p6,c_3_A_p7,c_3_A_p8,c_3_A_p9,c_2_phi_p0,c_2_phi_p1,c_2_phi_p2,c_2_phi_p3,c_2_phi_p4,c_2_phi_p5,c_2_phi_p6,c_2_phi_p7,c_2_phi_p8,c_2_phi_p9,c_3_phi_p0,c_3_phi_p1,c_3_phi_p2,c_3_phi_p3,c_3_phi_p4,c_3_phi_p5,c_3_phi_p6,c_3_phi_p7,c_3_phi_p8,c_3_phi_p9,c_4_phi_p0,c_4_phi_p1,c_4_phi_p2,c_4_phi_p3,c_4_phi_p4,c_4_phi_p5,c_4_phi_p6,c_4_phi_p7,c_4_phi_p8,c_4_phi_p9
nu_ecc,3,0.1477741423128258,0.062395873416869314,0.05269749083380659,0.023154242799164462,0.02844559002050385,0.02027753162055946,0.012489563859632721,0.01887959943161159,0.011742931882927634,0.013764110811289311,-2.6100575649150257,-0.6252257336488454,-0.7416205171941037,-0.1504040767033169,-0.3541834682098383,-0.17654239422112222,-0.03626436629242992,-0.19348753431576582,-0.04219142821931346,-0.08404362858698175,-0.0845625942891327,0.970996012369055,-0.051601687011211116,0.07656447545137227,0.024859148120711348,0.2472777195924867,-0.028956879704560345,3.5657590142061975e-09,0.1489672503166433,-0.1325822234839224,2.5932909729089517,0.616264807530478,0.8245520607481932,0.14718103579184605,0.43915582471883374,0.19333568470368165,0.03519717509828513,0.26546543479625645,0.04567056375288142,0.1022554616115215,2.1382143496079604,0.5100313569680902,0.7743519645580098,0.12217809357389191,0.4309397518801144,0.18193991410869328,0.029467489169044844,0.2650273094578581,0.04303630632204301,0.10064499417434902
