fit_type,fit_order,c_2_A_p0,c_2_A_p1,c_2_A_p2,c_2_A_p3,c_2_A_p4,c_2_A_p5,c_2_A_p6,c_2_A_p7,c_2_A_p8,c_2_A_p9,c_3_A_p0,c_3_A_p1,c_3_A_p2,c_3_A_p3,c_3_A_p4,c_3_A_p5,c_3_A_p6,c_3_A_p7,c_3_A_p8,c_3_A_p9,c_2_phi_p0,c_2_phi_p1,c_2_phi_p2,c_2_phi_p3,c_2_phi_p4,c_2_phi_p5,c_2_phi_p6,c_2_phi_p7,c_2_phi_p8,c_2_phi_p9,c_3_phi_p0,c_3_phi_p1,c_3_phi_p2,c_3_phi_p3,c_3_phi_p4,c_3_phi_p5,c_3_phi_p6,c_3_phi_p7,c_3_phi_p8,c_3_phi_p9,c_4_phi_p0,c_4_phi_p1,c_4_phi_p2,c_4_phi_p3,c_4_phi_p4,c_4_phi_p5,c_4_phi_p6,c_4_phi_p7,c_4_phi_p8,c_4_phi_p9
nu_bmrg,3,40.00123150490343,-99.99999999998957,-33.198069102192946,99.99999999955948,9.446654242401683,51.42220622400846,48.069718527837146,-0.9451749653424034,-42.991274415647716,-5.435770045502862,-88.58519922537049,-99.99999273371374,99.99987366168614,-99.99999999600745,-34.639227338724005,38.48899459877597,96.47036541378792,4.061601240442847,99.99994900466848,-13.282932722424913,7.437223993883676,-28.19932761167086,-5.586170334286237,54.67250614654347,1.6299189926200555,10.53371331528367,99.99999999999977,-0.22729179859753132,-40.187253175404834,1.1795624111933005,79.27783499675695,99.99999999999999,-99.99999999999996,60.48720090633431,37.721733224986615,-34.04098940366492,-99.99999999999987,-4.911007023907155,-99.99999999999189,15.04255385807882,99.99999999999999,-99.99999999999999,-59.006673825415255,99.99999999999999,16.395744636630408,-99.99999999999999,99.99999999999999,-1.9388873064753507,99.99999999999999,25.580244638710326
