fit_type,fit_order,c_2_A_p0,c_2_A_p1,c_2_A_p2,c_3_A_p0,c_3_A_p1,c_3_A_p2,c_2_phi_p0,c_2_phi_p1,c_2_phi_p2,c_3_phi_p0,c_3_phi_p1,c_3_phi_p2,c_4_phi_p0,c_4_phi_p1,c_4_phi_p2
nu_jmrg,1,0.462349635086249,-0.010896547281187413,-0.09913498466882516,-0.33386823390807463,-0.07966436092580027,-0.950401959008162,0.5655907122357282,2.912177809597402e-12,-0.14424204396058876,0.3470931439945346,0.08290851131702319,0.9728501682249726,0.294985848732443,0.07066870721352414,0.8340408431784168
