fit_type,fit_order,c_2_A_p0,c_2_A_p1,c_2_A_p2,c_2_A_p3,c_2_A_p4,c_2_A_p5,c_3_A_p0,c_3_A_p1,c_3_A_p2,c_3_A_p3,c_3_A_p4,c_3_A_p5,c_2_phi_p0,c_2_phi_p1,c_2_phi_p2,c_2_phi_p3,c_2_phi_p4,c_2_phi_p5,c_3_phi_p0,c_3_phi_p1,c_3_phi_p2,c_3_phi_p3,c_3_phi_p4,c_3_phi_p5,c_4_phi_p0,c_4_phi_p1,c_4_phi_p2,c_4_phi_p3,c_4_phi_p4,c_4_phi_p5
nu_emrg,2,0.03444166582563668,0.05711411029624583,0.05300154016319529,0.015574440500524795,0.08765416782481,0.06691850998911869,-1.2100554294098378,-0.28978055234408256,-1.0770559047404533,-0.06972775241441893,-0.9591361392517105,-0.2577950086050084,-0.6158118378025154,0.3957939454054355,0.13793639071328778,-0.2465356351871003,0.6382631402254494,0.2887998051417582,1.2189353548965751,0.2898182818650646,1.096129733955045,0.06913521381801017,0.9867652160068701,0.26032009234196934,1.0380755884956079,0.24783458284590318,0.9377288661358448,0.059391628847524004,0.8479838416126857,0.22363156031867384
