fit_type,fit_order,c_2_A_p0,c_2_A_p1,c_2_A_p2,c_2_A_p3,c_2_A_p4,c_2_A_p5,c_3_A_p0,c_3_A_p1,c_3_A_p2,c_3_A_p3,c_3_A_p4,c_3_A_p5,c_2_phi_p0,c_2_phi_p1,c_2_phi_p2,c_2_phi_p3,c_2_phi_p4,c_2_phi_p5,c_3_phi_p0,c_3_phi_p1,c_3_phi_p2,c_3_phi_p3,c_3_phi_p4,c_3_phi_p5,c_4_phi_p0,c_4_phi_p1,c_4_phi_p2,c_4_phi_p3,c_4_phi_p4,c_4_phi_p5
ecc_jmrg,2,1.590254915820006,0.4308433448416582,2.9559250911662542,-0.43911525309856825,-1.2822071568401698,0.8122783355188342,-0.04059946042745658,-0.0068925585353160285,-0.10948213348788341,-0.0012831955581655706,-0.3311156980110165,-0.02352826566365721,-0.8000844308695348,3.4018721458468562e-09,0.7629870121194455,-1.4248260906291934e-08,-0.14998772650936587,-6.744465830210847e-08,0.04882040635199684,-0.005709362054001508,0.13570219709581685,0.008189278026063783,0.3296503740036393,0.03403969543078469,0.03845868029206045,0.006609828962606708,0.11125046769848962,0.013776245692333555,0.2804954373383831,0.04526783860295377
