fit_type,fit_order,c_2_A_p0,c_2_A_p1,c_2_A_p2,c_2_A_p3,c_2_A_p4,c_2_A_p5,c_2_A_p6,c_2_A_p7,c_2_A_p8,c_2_A_p9,c_3_A_p0,c_3_A_p1,c_3_A_p2,c_3_A_p3,c_3_A_p4,c_3_A_p5,c_3_A_p6,c_3_A_p7,c_3_A_p8,c_3_A_p9,c_2_phi_p0,c_2_phi_p1,c_2_phi_p2,c_2_phi_p3,c_2_phi_p4,c_2_phi_p5,c_2_phi_p6,c_2_phi_p7,c_2_phi_p8,c_2_phi_p9,c_3_phi_p0,c_3_phi_p1,c_3_phi_p2,c_3_phi_p3,c_3_phi_p4,c_3_phi_p5,c_3_phi_p6,c_3_phi_p7,c_3_phi_p8,c_3_phi_p9,c_4_phi_p0,c_4_phi_p1,c_4_phi_p2,c_4_phi_p3,c_4_phi_p4,c_4_phi_p5,c_4_phi_p6,c_4_phi_p7,c_4_phi_p8,c_4_phi_p9
ecc_emrg,3,0.009369061150584692,0.032981366829004426,0.04796058332324947,0.03437978904449717,0.06629134686581546,0.01603612688641454,0.03386680820214834,0.08309266777775474,0.024464634670144904,0.016962751341720483,-0.9683785383734631,-0.27497889296721423,-0.8620080265317851,-0.13132584440822714,-0.7675484133690967,-0.24726282269005115,-0.07169788717295802,-0.6838690934078112,-0.11899555359880691,-0.22261439713245743,-0.7824528123801286,0.034592685425650596,-0.05294830544839187,0.025088750862049043,0.5656882092782373,-0.03318589552970979,-6.268515263917288e-08,0.7596684273120378,-0.028836247990731995,-0.007556019015772444,0.9438681107157005,0.3002544178241663,0.848987107010474,0.15982057641675934,0.7643112440053181,0.2753235894833413,0.09666579712107487,0.6887082729704538,0.14814662500966547,0.2527819777351542,0.7773052992281548,0.28171266179705495,0.7023396869263988,0.15684185297723138,0.63519775643027,0.2594624340040878,0.09625631350732014,0.5748724235528029,0.14557672305851074,0.23911396136570404
