fit_type,fit_order,c_2_A_p0,c_2_A_p1,c_2_A_p2,c_2_A_p3,c_2_A_p4,c_2_A_p5,c_3_A_p0,c_3_A_p1,c_3_A_p2,c_3_A_p3,c_3_A_p4,c_3_A_p5,c_2_phi_p0,c_2_phi_p1,c_2_phi_p2,c_2_phi_p3,c_2_phi_p4,c_2_phi_p5,c_3_phi_p0,c_3_phi_p1,c_3_phi_p2,c_3_phi_p3,c_3_phi_p4,c_3_phi_p5,c_4_phi_p0,c_4_phi_p1,c_4_phi_p2,c_4_phi_p3,c_4_phi_p4,c_4_phi_p5
emrg_jmrg,2,1.14434771454599,1.3737231072611225,3.2523777963235943,1.5626186917340692,-2.958393550367142,4.427317676893636,-0.02414678264372326,-0.03213123586882987,-0.09336725379399878,-0.02696891863042477,-0.3074293850078286,-0.08902073994966664,-0.7725491125685382,-0.056797205623304654,0.7614010443549164,0.02952374257756373,-0.14993330995201656,0.0014558279191241698,0.041747120080419725,0.038333281698707436,0.11365025724022507,0.04371439911273413,0.2973225440610985,0.11414748696753062,0.03146367501733442,0.02714468581106708,0.0953455014660016,0.0210044890796708,0.26221039600756263,0.08208697433943594
