fit_type,fit_order,c_2_A_p0,c_2_A_p1,c_2_A_p2,c_2_A_p3,c_2_A_p4,c_2_A_p5,c_2_A_p6,c_2_A_p7,c_2_A_p8,c_2_A_p9,c_3_A_p0,c_3_A_p1,c_3_A_p2,c_3_A_p3,c_3_A_p4,c_3_A_p5,c_3_A_p6,c_3_A_p7,c_3_A_p8,c_3_A_p9,c_2_phi_p0,c_2_phi_p1,c_2_phi_p2,c_2_phi_p3,c_2_phi_p4,c_2_phi_p5,c_2_phi_p6,c_2_phi_p7,c_2_phi_p8,c_2_phi_p9,c_3_phi_p0,c_3_phi_p1,c_3_phi_p2,c_3_phi_p3,c_3_phi_p4,c_3_phi_p5,c_3_phi_p6,c_3_phi_p7,c_3_phi_p8,c_3_phi_p9,c_4_phi_p0,c_4_phi_p1,c_4_phi_p2,c_4_phi_p3,c_4_phi_p4,c_4_phi_p5,c_4_phi_p6,c_4_phi_p7,c_4_phi_p8,c_4_phi_p9
ecc_jmrg,3,-1.4728210445557863,0.4022736830075547,0.007172946378081683,0.28218566869582085,7.501490555243958,-0.9396535736854705,1.0291047461865719,-2.5752132520225453,-0.39032826555102984,0.2759437335872973,-0.021964543972040677,-0.05999755605106839,-0.008672585198189368,-0.010149910324966196,0.007297872439524794,0.011788661878776027,-0.0013832753056341033,-0.12843718216656283,0.00021426278491934925,-0.03995728802279722,20.351635188240245,6.44677822474816,-23.18228860270827,0.4937099299475846,8.767316119638338,-4.684713176793119,0.004823323817066259,-1.0933208145746418,-0.15398846936021898,0.8326462043992103,-0.02059114547109003,0.012267082474756857,-0.04401211785394466,-0.014487386778578455,0.07484701400215175,0.0073834455225684084,0.0026313141460568403,0.10959280635414158,0.018955771964963047,0.049288650786068304,0.008637800776485263,0.007910992296799245,0.06679747332930906,-3.2788664331101305e-05,0.17988445091239177,0.029227423754984924,0.0018009257476814576,0.027583944456740648,0.05261236235283356,0.10883203638281368
