fit_type,fit_order,c_2_A_p0,c_2_A_p1,c_2_A_p2,c_3_A_p0,c_3_A_p1,c_3_A_p2,c_2_phi_p0,c_2_phi_p1,c_2_phi_p2,c_3_phi_p0,c_3_phi_p1,c_3_phi_p2,c_4_phi_p0,c_4_phi_p1,c_4_phi_p2
ecc_jmrg,1,0.44495766428774663,-0.020969630140963424,-0.0940475542147119,2.645731145618125,0.5378398169320613,-2.059371875920654,0.25086294595720277,0.00041763546001973945,-0.03377759868165857,9.419454573171551,-1.9361012224668706,-2.0429435188511853,9.907238222611298,-1.2771429454757457,-2.3879384552751826
