fit_type,fit_order,c_2_A_p0,c_2_A_p1,c_2_A_p2,c_2_A_p3,c_3_A_p0,c_3_A_p1,c_3_A_p2,c_3_A_p3,c_2_phi_p0,c_2_phi_p1,c_2_phi_p2,c_2_phi_p3,c_3_phi_p0,c_3_phi_p1,c_3_phi_p2,c_3_phi_p3,c_4_phi_p0,c_4_phi_p1,c_4_phi_p2,c_4_phi_p3
nu_ecc_bmrg,1,0.7553178185117018,-0.5218026397802381,-0.013632112995831138,-0.1442050131904874,3.6110247376504936,3.337577517711619,0.4954653877905055,-2.437825612862653,0.3944627041795496,-0.30799355719552934,-0.003233679196429446,-0.05266796467932648,2.609646776608686,7.106299278732962,-2.031477562412262,-0.22462420878549239,-4.560147163475525,21.032159999941907,-1.0491921894348215,0.8079159406240027
