fit_type,fit_order,c_2_A_p0,c_2_A_p1,c_2_A_p2,c_2_A_p3,c_3_A_p0,c_3_A_p1,c_3_A_p2,c_3_A_p3,c_2_phi_p0,c_2_phi_p1,c_2_phi_p2,c_2_phi_p3,c_3_phi_p0,c_3_phi_p1,c_3_phi_p2,c_3_phi_p3,c_4_phi_p0,c_4_phi_p1,c_4_phi_p2,c_4_phi_p3
nu_emrg_jmrg,1,0.3778816857226014,-0.5459447287844611,0.4707383686136297,-0.1706944799585217,-11.042113085322308,7.709628815403283,13.698990136079964,-2.110450947466198,0.4439314667939025,-0.3683762598199428,-0.04050630215841012,-0.05761320886991639,31.613223732250397,-2.540196819310612,-26.543034915785576,-1.4537967468090436,22.944916119564173,9.6539732654809,-25.403072335574763,0.12811156447637773
