fit_type,fit_order,c_2_A_p0,c_2_A_p1,c_2_A_p2,c_2_A_p3,c_2_A_p4,c_2_A_p5,c_2_A_p6,c_2_A_p7,c_2_A_p8,c_2_A_p9,c_3_A_p0,c_3_A_p1,c_3_A_p2,c_3_A_p3,c_3_A_p4,c_3_A_p5,c_3_A_p6,c_3_A_p7,c_3_A_p8,c_3_A_p9,c_2_phi_p0,c_2_phi_p1,c_2_phi_p2,c_2_phi_p3,c_2_phi_p4,c_2_phi_p5,c_2_phi_p6,c_2_phi_p7,c_2_phi_p8,c_2_phi_p9,c_3_phi_p0,c_3_phi_p1,c_3_phi_p2,c_3_phi_p3,c_3_phi_p4,c_3_phi_p5,c_3_phi_p6,c_3_phi_p7,c_3_phi_p8,c_3_phi_p9,c_4_phi_p0,c_4_phi_p1,c_4_phi_p2,c_4_phi_p3,c_4_phi_p4,c_4_phi_p5,c_4_phi_p6,c_4_phi_p7,c_4_phi_p8,c_4_phi_p9
emrg_jmrg,3,-0.524305479174671,-1.1718380853061992,0.9586074157699137,-2.451910914847962,7.516983752208916,-1.289273271336782,-1.214637503706451,-3.2009555888583225,-4.792019083163324,3.9566286008635605,-0.026929514487921982,0.00337923122651032,0.004731530392358464,0.007340460891401822,0.032864278211079866,0.017043105229287803,-0.00751171755434376,-0.14707708950655934,0.008564451822448155,0.0032325031950660604,33.118336905865064,15.20181758797553,-37.9823407307408,20.12087204355605,18.353062732402694,-29.51254539471847,23.618765540947344,-3.4277262553346715,-24.54592187235623,12.40888877864762,-0.04527508467906031,-0.07745951910951832,-0.04413235469216203,-0.056077401753531264,0.1076053499112762,-0.028660108613394377,-0.011220797152608554,0.04205414331385673,0.04591816929819702,0.21345691538928596,0.019781648153748166,0.04447768143356729,0.0636227087153473,0.04557776641217631,0.1435422352271034,0.052866979752042825,0.040185886292936485,0.005250250762719911,0.025430385351632785,0.12189761709675918
