fit_type,fit_order,c_2_A_p0,c_2_A_p1,c_2_A_p2,c_2_A_p3,c_2_A_p4,c_2_A_p5,c_3_A_p0,c_3_A_p1,c_3_A_p2,c_3_A_p3,c_3_A_p4,c_3_A_p5,c_2_phi_p0,c_2_phi_p1,c_2_phi_p2,c_2_phi_p3,c_2_phi_p4,c_2_phi_p5,c_3_phi_p0,c_3_phi_p1,c_3_phi_p2,c_3_phi_p3,c_3_phi_p4,c_3_phi_p5,c_4_phi_p0,c_4_phi_p1,c_4_phi_p2,c_4_phi_p3,c_4_phi_p4,c_4_phi_p5
bmrg_emrg,2,-15.649632024530693,2.2186055164599026,27.46964739757767,-0.2886606688425528,-13.693764152013786,-0.6767077506196301,-15.358603217062319,36.09511796189827,-100.0,-6.227828857019215,63.68767691635917,-0.36890599086832576,-4.264703806931742,1.0733845867387313,6.206441756166545,-0.018511164358692617,-1.6304081373638504,-1.0735294010557512,-99.99999999999997,46.86972582639104,92.93867478473416,0.3219033911286064,22.04988744066415,-52.69377781223572,-77.91198982402325,54.16707434827086,12.146336909314682,1.948567717421202,96.45346707832097,-69.94307893689876
