fit_type,fit_order,c_2_A_p0,c_2_A_p1,c_2_A_p2,c_2_A_p3,c_2_A_p4,c_2_A_p5,c_2_A_p6,c_2_A_p7,c_2_A_p8,c_2_A_p9,c_3_A_p0,c_3_A_p1,c_3_A_p2,c_3_A_p3,c_3_A_p4,c_3_A_p5,c_3_A_p6,c_3_A_p7,c_3_A_p8,c_3_A_p9,c_2_phi_p0,c_2_phi_p1,c_2_phi_p2,c_2_phi_p3,c_2_phi_p4,c_2_phi_p5,c_2_phi_p6,c_2_phi_p7,c_2_phi_p8,c_2_phi_p9,c_3_phi_p0,c_3_phi_p1,c_3_phi_p2,c_3_phi_p3,c_3_phi_p4,c_3_phi_p5,c_3_phi_p6,c_3_phi_p7,c_3_phi_p8,c_3_phi_p9,c_4_phi_p0,c_4_phi_p1,c_4_phi_p2,c_4_phi_p3,c_4_phi_p4,c_4_phi_p5,c_4_phi_p6,c_4_phi_p7,c_4_phi_p8,c_4_phi_p9
nu_ecc_bmrg,2,1.9935379372905673,0.6962227941113329,-0.29939753477679043,3.03816768298147,1.077343874447135,-0.2656301641151274,-1.281065513386357,0.20018455714889727,1.0595439056342808,0.25334648621824896,-0.028185047889364476,-0.004824393782155195,-0.01072763822214537,-0.07729741596008957,-0.004066368422567504,-0.004684928430160002,-0.28462976625517794,-0.005415569763391812,-0.005147516515810877,-0.02140159346746439,0.23306587637863196,-4.083235207881069,-3.426544986376878e-08,0.4517803695831738,-1.449683825440933,-6.339203243054624e-08,-0.15010113801858208,2.4797909398317765e-09,1.386128582763975,1.5529321455745306e-08,0.013764930690995296,0.01213890152155687,0.010005887333801543,0.11607037533169283,0.018298104954631227,0.004209855891741714,0.2828500173170668,-0.007126581319774847,0.025549020798988197,0.03581104450865935,0.03434478776346947,0.012250161387708566,0.008996349827423481,0.11045090398294378,0.0010437349184632592,0.008566823947636661,0.2361499566420568,0.0037791179819974016,0.0321941917449238,0.030393933180714847
