fit_type,fit_order,c_2_A_p0,c_2_A_p1,c_2_A_p2,c_3_A_p0,c_3_A_p1,c_3_A_p2,c_2_phi_p0,c_2_phi_p1,c_2_phi_p2,c_3_phi_p0,c_3_phi_p1,c_3_phi_p2,c_4_phi_p0,c_4_phi_p1,c_4_phi_p2
nu_ecc,1,0.24377143181285765,-0.2632001741510815,-0.017389277411597875,-4.831927986481233,6.8568097549472,0.2928759336629483,0.20789667058503003,-0.21525396401465113,-0.0031366832422864976,1.861922573834522,7.278001067509281,-1.999731864020906,-2.3173265617988688,22.296604367618052,-1.2145626739663626
