fit_type,fit_order,c_2_A_p0,c_2_A_p1,c_2_A_p2,c_2_A_p3,c_3_A_p0,c_3_A_p1,c_3_A_p2,c_3_A_p3,c_2_phi_p0,c_2_phi_p1,c_2_phi_p2,c_2_phi_p3,c_3_phi_p0,c_3_phi_p1,c_3_phi_p2,c_3_phi_p3,c_4_phi_p0,c_4_phi_p1,c_4_phi_p2,c_4_phi_p3
nu_bmrg_jmrg,1,0.8152985250858534,-0.608815520129203,-0.18252378312426998,0.027757133650898137,1.1150772416927086,5.028159472901235,-2.8486296426108244,1.2340893047319013,0.4046998511056356,-0.36211292334928236,0.015626151155684883,-0.07411214079090897,6.628333496484283,5.36636188666589,1.3080612861876473,-3.138214609203139,1.393114588660773,17.199235009377723,0.8348373906658867,-1.922897936612878
