fit_type,fit_order,c_2_A_p0,c_2_A_p1,c_2_A_p2,c_2_A_p3,c_2_A_p4,c_2_A_p5,c_2_A_p6,c_2_A_p7,c_2_A_p8,c_2_A_p9,c_3_A_p0,c_3_A_p1,c_3_A_p2,c_3_A_p3,c_3_A_p4,c_3_A_p5,c_3_A_p6,c_3_A_p7,c_3_A_p8,c_3_A_p9,c_2_phi_p0,c_2_phi_p1,c_2_phi_p2,c_2_phi_p3,c_2_phi_p4,c_2_phi_p5,c_2_phi_p6,c_2_phi_p7,c_2_phi_p8,c_2_phi_p9,c_3_phi_p0,c_3_phi_p1,c_3_phi_p2,c_3_phi_p3,c_3_phi_p4,c_3_phi_p5,c_3_phi_p6,c_3_phi_p7,c_3_phi_p8,c_3_phi_p9,c_4_phi_p0,c_4_phi_p1,c_4_phi_p2,c_4_phi_p3,c_4_phi_p4,c_4_phi_p5,c_4_phi_p6,c_4_phi_p7,c_4_phi_p8,c_4_phi_p9
nu_emrg_jmrg,2,0.6332345741393661,0.5652019582597436,0.5834288125470846,2.1047401289892513,0.8621015106843831,0.03226043588783744,-1.8459332899653065,0.3690062796560709,1.3378590861685353,2.653419228077944,-0.031084195596665143,-0.0019069915086042935,-0.025199978630966346,-0.09939637163411538,-0.002989183637739941,-0.02705594803194168,-0.3060384366785677,-0.0028761207519728397,-0.023670606732184633,-0.07951449414011212,-0.025107540667034106,-2.1791441774530393,0.41477313815473027,0.3261770289514273,-1.721717392894112,0.02828705748310407,-0.13375152416699826,-1.8726868704189128,1.4132762616346797,0.0009975942120312152,0.05387300084085786,0.013818282246133786,0.04936648435340828,0.13789098938164646,0.0026269365004285817,0.04451416100957021,0.2788351694148505,0.012262414035473639,0.03582259080849537,0.12502441682140072,0.047443376281445335,0.012868213682691936,0.04105521534686552,0.11273692024903105,0.0008967501534322549,0.026423881830477565,0.24550097096264248,0.0091394683176004,0.0314320367709523,0.09254270224573127
