fit_type,fit_order,c_2_A_p0,c_2_A_p1,c_2_A_p2,c_2_A_p3,c_2_A_p4,c_2_A_p5,c_3_A_p0,c_3_A_p1,c_3_A_p2,c_3_A_p3,c_3_A_p4,c_3_A_p5,c_2_phi_p0,c_2_phi_p1,c_2_phi_p2,c_2_phi_p3,c_2_phi_p4,c_2_phi_p5,c_3_phi_p0,c_3_phi_p1,c_3_phi_p2,c_3_phi_p3,c_3_phi_p4,c_3_phi_p5,c_4_phi_p0,c_4_phi_p1,c_4_phi_p2,c_4_phi_p3,c_4_phi_p4,c_4_phi_p5
ecc_emrg,2,0.05616668164166781,0.029164681419043097,0.05560218655763311,0.030147735094990653,0.07014588822379146,0.062054957734362,-1.182782393513424,-0.3361093719032639,-1.0526675121107665,-0.16053506193539993,-0.9374968088172936,-0.3022921364195148,-1.2042938053665946,-0.020373559088860155,0.3263152459324062,-4.964921218664458e-10,1.347991070064175,0.023416825832656887,1.1692793214387025,0.37206192916771785,1.0513532533019736,0.19818087388875621,0.9460067153216389,0.3409457327567391,0.9718787494357617,0.35210794266258594,0.8779062996478859,0.19582195301422164,0.7938767473927266,0.3242674823511939
