fit_type,fit_order,c_2_A_p0,c_2_A_p1,c_2_A_p2,c_2_A_p3,c_3_A_p0,c_3_A_p1,c_3_A_p2,c_3_A_p3,c_2_phi_p0,c_2_phi_p1,c_2_phi_p2,c_2_phi_p3,c_3_phi_p0,c_3_phi_p1,c_3_phi_p2,c_3_phi_p3,c_4_phi_p0,c_4_phi_p1,c_4_phi_p2,c_4_phi_p3
nu_bmrg_emrg,1,0.7615641104181137,-0.6026679059769289,-0.15685468270601874,0.057637908960381436,-6.082718718039373,6.921476258373988,-2.017276185424678,8.64822621828968,0.5805218495255453,-0.3900659699401135,-0.05460055100215551,-0.18142263495573044,35.01647942428324,-2.991358580459792,-1.3765230008268254,-30.080358001973718,22.535614937537655,9.727889839926144,0.1439884785004133,-25.05700095164929
