fit_type,fit_order,c_2_A_p0,c_2_A_p1,c_2_A_p2,c_3_A_p0,c_3_A_p1,c_3_A_p2,c_2_phi_p0,c_2_phi_p1,c_2_phi_p2,c_3_phi_p0,c_3_phi_p1,c_3_phi_p2,c_4_phi_p0,c_4_phi_p1,c_4_phi_p2
bmrg_jmrg,1,0.37623264227882,-0.16305543226618657,0.10939043335630973,-0.1618549286907248,-0.5064958292895808,-0.46359949164779074,0.02180888940252933,0.04290012762046072,0.00023618063351632933,0.16982070227879478,0.5175176832462577,0.4802407875437218,0.14645616339418913,0.4439454961311568,0.4118183268754792
