fit_type,fit_order,c_2_A_p0,c_2_A_p1,c_2_A_p2,c_2_A_p3,c_2_A_p4,c_2_A_p5,c_2_A_p6,c_2_A_p7,c_2_A_p8,c_2_A_p9,c_3_A_p0,c_3_A_p1,c_3_A_p2,c_3_A_p3,c_3_A_p4,c_3_A_p5,c_3_A_p6,c_3_A_p7,c_3_A_p8,c_3_A_p9,c_2_phi_p0,c_2_phi_p1,c_2_phi_p2,c_2_phi_p3,c_2_phi_p4,c_2_phi_p5,c_2_phi_p6,c_2_phi_p7,c_2_phi_p8,c_2_phi_p9,c_3_phi_p0,c_3_phi_p1,c_3_phi_p2,c_3_phi_p3,c_3_phi_p4,c_3_phi_p5,c_3_phi_p6,c_3_phi_p7,c_3_phi_p8,c_3_phi_p9,c_4_phi_p0,c_4_phi_p1,c_4_phi_p2,c_4_phi_p3,c_4_phi_p4,c_4_phi_p5,c_4_phi_p6,c_4_phi_p7,c_4_phi_p8,c_4_phi_p9
nu_ecc_jmrg,2,5.87463499333756,-13.385412145106182,-1.3473745960141377,-2.496241768815603,8.20158940440683,-0.0011569719436570229,0.256993507759545,0.6030744033150686,3.0225752577961518,0.420088092771461,-66.19773925412055,98.98785095538639,6.620626671243578,34.99514555320572,100.0,3.8285749593350245,-4.055198161816511,3.965076990317193,-48.546380153455004,-3.2816278300756747,-1.1234677209675836,6.06097556537021,0.23361639434452638,0.46841741819511834,-9.503650761512828,-0.016274674072938197,-0.05970908127610066,-0.26144684714892424,-0.6980359312055624,-0.0554851041933781,16.70442973464991,79.73993918907732,-11.15818110072254,-10.1935711012376,-95.81102204263006,-7.97774106517688,1.4185835947783987,8.88738325626633,-14.206656072153294,4.565192943138032,-1.8939510607295689,62.79153204004173,14.344310403836417,-4.337765457244989,72.79797312466283,-11.060713024168471,1.2652528063608837,-43.16523162001617,-19.165373328641724,1.179563573184159
