fit_type,fit_order,c_2_A_p0,c_2_A_p1,c_2_A_p2,c_2_A_p3,c_2_A_p4,c_2_A_p5,c_3_A_p0,c_3_A_p1,c_3_A_p2,c_3_A_p3,c_3_A_p4,c_3_A_p5,c_2_phi_p0,c_2_phi_p1,c_2_phi_p2,c_2_phi_p3,c_2_phi_p4,c_2_phi_p5,c_3_phi_p0,c_3_phi_p1,c_3_phi_p2,c_3_phi_p3,c_3_phi_p4,c_3_phi_p5,c_4_phi_p0,c_4_phi_p1,c_4_phi_p2,c_4_phi_p3,c_4_phi_p4,c_4_phi_p5
ecc_bmrg,2,2.0298661313060333,0.1814995817764864,5.049586767228415,-1.3743376571591166,-1.913735288742459,1.692600478441591,-0.027898561306657903,-0.008887188842226036,-0.08569676519852443,-0.0026900224469377653,-0.2819390447437678,-0.028974292342569548,-0.9599685691886042,7.354735816849801e-10,0.8649131054700369,4.0733871837841255e-10,-0.16262358027202123,1.5291817025809838e-09,0.03766351700025962,0.019746858114542073,0.1193136972201909,0.0067283479384294305,0.28018461537756867,0.046310974091793196,0.04143464708196207,0.014979735443329414,0.11090568843282612,0.007008072963321448,0.2370788817168456,0.0374486597977663
