fit_type,fit_order,c_2_A_p0,c_2_A_p1,c_2_A_p2,c_3_A_p0,c_3_A_p1,c_3_A_p2,c_2_phi_p0,c_2_phi_p1,c_2_phi_p2,c_3_phi_p0,c_3_phi_p1,c_3_phi_p2,c_4_phi_p0,c_4_phi_p1,c_4_phi_p2
nu_emrg,1,0.49885260473179666,-0.4499431181447546,-0.24047039438260898,-12.954156003884917,9.72336333633726,8.488518767019453,0.37566373294933586,-0.28877304312538404,-0.16989548648125383,28.133966609419698,-1.2448413124184832,-27.639649626662866,23.256190008066337,9.438356420003133,-25.2843867090086
