fit_type,fit_order,c_2_A_p0,c_2_A_p1,c_2_A_p2,c_2_A_p3,c_2_A_p4,c_2_A_p5,c_2_A_p6,c_2_A_p7,c_2_A_p8,c_2_A_p9,c_3_A_p0,c_3_A_p1,c_3_A_p2,c_3_A_p3,c_3_A_p4,c_3_A_p5,c_3_A_p6,c_3_A_p7,c_3_A_p8,c_3_A_p9,c_2_phi_p0,c_2_phi_p1,c_2_phi_p2,c_2_phi_p3,c_2_phi_p4,c_2_phi_p5,c_2_phi_p6,c_2_phi_p7,c_2_phi_p8,c_2_phi_p9,c_3_phi_p0,c_3_phi_p1,c_3_phi_p2,c_3_phi_p3,c_3_phi_p4,c_3_phi_p5,c_3_phi_p6,c_3_phi_p7,c_3_phi_p8,c_3_phi_p9,c_4_phi_p0,c_4_phi_p1,c_4_phi_p2,c_4_phi_p3,c_4_phi_p4,c_4_phi_p5,c_4_phi_p6,c_4_phi_p7,c_4_phi_p8,c_4_phi_p9
nu_emrg,3,0.0006274118752257598,0.06902953617914412,0.037832391185659106,0.019425284370740745,0.06335618571531051,0.06039837875272307,0.003664717042262978,0.07675290263143451,0.018609979568405263,0.053926867312964595,-0.9977165105043072,-0.23903660563390686,-0.8880395223688882,-0.057434826754508686,-0.790862537745341,-0.21265134698669022,-0.013768557555226291,-0.7046726623838342,-0.05100857560374262,-0.18922132777267023,-0.6773595459137408,0.3296028636149847,0.02957659910003908,-0.2755726675982909,0.4000244632412661,0.15747206920322748,-0.1483738877190667,0.5717520970121605,-0.33003468216197385,0.03903996117264304,0.9974137100296926,0.23727344496111352,0.8968066750190573,0.056634746397491234,0.807023829603075,0.2130936806654542,0.013543311267356178,0.7269394255773379,0.05086888484907076,0.19157161825892874,0.8459976046376778,0.20204758892293767,0.764398537701611,0.048397270264204165,0.6913721285018989,0.1820509958877335,0.011700588703395721,0.6257678349686382,0.043621121986728385,0.16454218571487864
