fit_type,fit_order,c_2_A_p0,c_2_A_p1,c_2_A_p2,c_2_A_p3,c_2_A_p4,c_2_A_p5,c_3_A_p0,c_3_A_p1,c_3_A_p2,c_3_A_p3,c_3_A_p4,c_3_A_p5,c_2_phi_p0,c_2_phi_p1,c_2_phi_p2,c_2_phi_p3,c_2_phi_p4,c_2_phi_p5,c_3_phi_p0,c_3_phi_p1,c_3_phi_p2,c_3_phi_p3,c_3_phi_p4,c_3_phi_p5,c_4_phi_p0,c_4_phi_p1,c_4_phi_p2,c_4_phi_p3,c_4_phi_p4,c_4_phi_p5
nu_ecc,2,0.15400006287135798,0.05454824866272734,0.04542962140969175,0.011431081329761133,0.022693336234206225,0.012512041351110708,-2.6257508287555638,-0.6289914931783588,-0.7459760971561252,-0.15133645314702635,-0.35622758914150826,-0.17761247546907455,-0.09953006374909051,1.0694196993115959,-0.0029694417789832162,-0.0280499163494289,-8.662661781897525e-09,0.015837067368625345,2.620497278683831,0.6228254006970606,0.8332372257883285,0.14872984754166738,0.4435395176010446,0.1952215057566044,2.1695207063391213,0.5175296075301302,0.7857369616698823,0.12404395865910797,0.43723742648264585,0.18462385112577837
