fit_type,fit_order,c_2_A_p0,c_2_A_p1,c_2_A_p2,c_3_A_p0,c_3_A_p1,c_3_A_p2,c_2_phi_p0,c_2_phi_p1,c_2_phi_p2,c_3_phi_p0,c_3_phi_p1,c_3_phi_p2,c_4_phi_p0,c_4_phi_p1,c_4_phi_p2
ecc_bmrg,1,0.49608064561277204,-0.019008138817811365,-0.10195768224419727,4.858680005012082,0.5101727139145291,-2.57919890550029,0.2508620322031911,-0.001979560806559231,-0.03063871591205592,4.675090676032425,-2.140561951998959,-0.3329487967475733,-1.6097147228437645,-1.3867985359741155,1.5269278049694943
