fit_type,fit_order,c_2_A_p0,c_2_A_p1,c_2_A_p2,c_2_A_p3,c_2_A_p4,c_2_A_p5,c_2_A_p6,c_2_A_p7,c_2_A_p8,c_2_A_p9,c_3_A_p0,c_3_A_p1,c_3_A_p2,c_3_A_p3,c_3_A_p4,c_3_A_p5,c_3_A_p6,c_3_A_p7,c_3_A_p8,c_3_A_p9,c_2_phi_p0,c_2_phi_p1,c_2_phi_p2,c_2_phi_p3,c_2_phi_p4,c_2_phi_p5,c_2_phi_p6,c_2_phi_p7,c_2_phi_p8,c_2_phi_p9,c_3_phi_p0,c_3_phi_p1,c_3_phi_p2,c_3_phi_p3,c_3_phi_p4,c_3_phi_p5,c_3_phi_p6,c_3_phi_p7,c_3_phi_p8,c_3_phi_p9,c_4_phi_p0,c_4_phi_p1,c_4_phi_p2,c_4_phi_p3,c_4_phi_p4,c_4_phi_p5,c_4_phi_p6,c_4_phi_p7,c_4_phi_p8,c_4_phi_p9
bmrg_jmrg,3,42.81695808835325,-90.95936552885239,-43.05547059134415,54.20544827281183,5.363309880511264,22.86777579502456,-9.73779134287193,1.0234633300868712,-1.423676352406844,-3.8471297318010493,-1.2044847301788837,-0.9073147875702727,-1.4615083680564263,2.091328177557017,0.6186191640853606,0.9042963821767244,-0.7073710641681495,-0.07311871655839743,0.12521832225419016,-0.30191235754945656,27.24806866587928,-29.104413571157444,3.0865754020026035,10.916388915771229,0.5840364467864634,-3.2125045525004445,-0.6532500090101393,-0.43698880897772313,-1.2772769345041208,1.4923935365776821,0.31960274808787426,0.68560895797681,0.6441902779972974,1.1414882150103485,0.983365984679642,0.8472379244558106,-0.43163317261129563,-0.08566868102823308,-0.2647467599371735,-0.21722227186803283,0.02431393537910167,0.03556293001812504,0.03316906921748452,0.05804668876742298,0.04858077129254205,0.05222333423319273,0.005097681549735019,0.01746595289684994,0.005822438213884565,0.010938360594404962
