q,nu,chi1z,chi2z,chieff,ecc,ecc_gi,m_ano_gi,E0,J0,Emrg_til,Jmrg_til,Heff_til,b_massless,b_massless_Heff,b_massless_EOB,a_f,A_220,A_320,A_440,v_kick,A_peak22,omega_peak22,Mf,af,A_peak22dotdot,A_nr_error,v_kick_qc,A_peak22_qc,omega_peak22_qc,Mf_qc,af_qc,ID,catalog
0.9999995429491355,0.24999999999998695,0.9794042094442694,0.9794044817298708,0.979404345587039,0.0007732,,,0.9928828020415935,1.5668947728302263,0.9431083667245577,3.6906463735180326,0.778906782771714,3.91327921979502,4.738238843401761,4.468672696751492,0.9469579324912767,0.0,0.0,0.0,,0.40175241243730936,0.4704403362046385,0.8892343271200326,0.9469579324912767,-0.00043600458334281,0.0001766884699042845,1.0,0.4029201437713171,0.4711144726483314,0.8891786479117313,0.9469592643671141,0172,SXS
0.9999999042137367,0.2499999999999995,0.9695248223471985,0.9695251039700001,0.9695249631585927,0.0001915,,,0.9928525922913995,1.560332268415159,0.944822732287497,3.675178651580635,0.7853799908944221,3.8898076072775174,4.679491066986816,4.421289535625418,0.9449732121436152,0.0,0.0,0.0,,0.4018700254551005,0.46908385727652624,0.8907166041232979,0.9449732121436152,-0.0004500348631171335,0.005,1.0,0.4025907511305749,0.46933133018401224,0.8907102839009634,0.9449563285397347,3628,SXS
0.9999999468696933,0.24999999999999983,0.9496123464780516,0.94961222253738,0.9496122845077175,0.0001253,,,0.9928022250349925,1.5509089168189603,0.9457215040867517,3.6634900977597447,0.7887783265842158,3.8737515028776275,4.644511612818261,4.3924145082228705,0.9408682309179042,0.0,0.0,0.0,,0.4011826141970081,0.46521427593439363,0.8936631097270842,0.9408682309179042,-0.0004539056246107455,0.005,1.0,0.40196190056195336,0.465804807164016,0.8936587721788689,0.9408537981098344,3627,SXS
0.9999999961457697,0.25,0.8997334797348221,0.8997334734182336,0.8997334765765279,0.000424,,,0.9927248816827838,1.5271232519820146,0.9479545802563274,3.6361257173044708,0.7972357724578998,3.835759426702976,4.560916410078032,4.323541601099716,0.9302110703148793,0.0,0.0,0.0,,0.39942417792989965,0.4564516458661334,0.9003663262649481,0.9302110703148793,-0.0004757653301119794,5.825188736530006e-05,1.0,0.4005731309192737,0.45734667951059454,0.9003254423831155,0.9302167476848842,0160,SXS
